"Reference","Qty","Value","DNP","Exclude from BOM","Exclude from Board","Footprint","Datasheet"
"C1","1","47uF","","","","Capacitor_THT:CP_Radial_D4.0mm_P2.00mm","~"
"C2","1","220nF","","","","Capacitor_THT:C_Disc_D3.0mm_W1.6mm_P2.50mm","~"
"J1","1","UAF42","","","","Package_DIP:DIP-14_W7.62mm_Socket_LongPads","~"
"J2","1","√Ålimentacion","","","","TerminalBlock:TerminalBlock_MaiXu_MX126-5.0-02P_1x02_P5.00mm","~"
"J3","1","GeneradorFunciones","","","","TerminalBlock:TerminalBlock_MaiXu_MX126-5.0-02P_1x02_P5.00mm","~"
"J4","1","Salida","","","","TerminalBlock:TerminalBlock_MaiXu_MX126-5.0-02P_1x02_P5.00mm","~"
"J5","1","Entrada","","","","TerminalBlock:TerminalBlock_MaiXu_MX126-5.0-02P_1x02_P5.00mm","~"
"RF1","1","6K8","","","","Resistor_THT:R_Axial_DIN0204_L3.6mm_D1.6mm_P7.62mm_Horizontal","~"
"RF2","1","180K","","","","Resistor_THT:R_Axial_DIN0204_L3.6mm_D1.6mm_P7.62mm_Horizontal","~"
"RG1,RQ1","2","12K","","","","Resistor_THT:R_Axial_DIN0204_L3.6mm_D1.6mm_P7.62mm_Horizontal","~"
